{"2": {"precision": 0.8863636363636364, "recall": 0.9512195121951219, "f1-score": 0.9176470588235294, "support": 41.0}, "3": {"precision": 0.9518072289156626, "recall": 0.9461077844311377, "f1-score": 0.948948948948949, "support": 167.0}, "4": {"precision": 0.8260869565217391, "recall": 0.76, "f1-score": 0.7916666666666666, "support": 25.0}, "accuracy": 0.927038626609442, "macro avg": {"precision": 0.888085940600346, "recall": 0.8857757655420867, "f1-score": 0.8860875581463817, "support": 233.0}, "weighted avg": {"precision": 0.9268021040037263, "recall": 0.927038626609442, "f1-score": 0.9265651096691238, "support": 233.0}}