Model,Train Accuracy,Train Precision,Train F1,Test Accuracy,Test Precision,Test F1
Logistic Regression,0.8796992481203008,0.851719064848663,0.8220176289826945,0.8454935622317596,0.8159346846846848,0.7409397179276899
Decision Tree,1.0,1.0,1.0,0.8755364806866953,0.8193536673928831,0.8141196093718349
Random Forest,1.0,1.0,1.0,0.9184549356223176,0.9100192741529228,0.8604303908651735
Gradient Boosting,0.9957035445757251,0.9947053827540343,0.993697301770299,0.9484978540772532,0.9409922928709055,0.9092229484386346
Ada Boost,0.7357679914070892,0.6644324114423782,0.6811720463763834,0.7296137339055794,0.6754205371185779,0.6708386820710311
SVM,0.8872180451127819,0.9203179666794691,0.8141337041447585,0.8240343347639485,0.8095131921218878,0.6881675874769796
XG Boost,1.0,1.0,1.0,0.9527896995708155,0.9515692947627151,0.9210718596861485
